{"cameraMode":{"drawMode":0,"name":"Shaded","section":"Shading Mode"},"sceneLighting":true,"audioPlay":false,"sceneViewState":{"showFog":true,"showMaterialUpdate":false,"showSkybox":true,"showFlares":true,"showImageEffects":true,"showParticleSystems":true},"in2DMode":false,"pivot":{"x":53.05885314941406,"y":-33.801185607910159,"z":44.41937255859375},"rotation":{"x":-0.11608798801898956,"y":-0.32891032099723818,"z":0.040663450956344607,"w":-0.9363762736320496},"size":607.63330078125,"orthographic":false}